id,address,date,listing_id,listing_title,price,bedrooms,square_ft,city,state,CL_region,zip_code,coordinates,latitude,longitude,created_at,updated_at
399,"",Nov 4,5296482499,Large fitness center - Billiards available - Remote 1-car garage,"","","","",Texas,,,,31.9685988,-99.9018131,2015-11-19 22:55:12.733608,2015-11-19 22:55:12.733608
400,"",Nov 4,5299799682,Leaves Are Falling With $99 Move In...Large 1x1 $695 Monthly!!!!,"","","","",Texas,,,,31.9685988,-99.9018131,2015-11-19 22:55:12.865318,2015-11-19 22:55:12.865318
401,"",Nov 4,5299729160,Allow Your Unique Bed/ Bath W/ Private Entr.-BRAND NEW,"","","","",Texas,,,,31.9685988,-99.9018131,2015-11-19 22:55:13.00002,2015-11-19 22:55:13.00002
402,"",Nov 4,5290243203,3br/2ba Home for Rent in Sweetwater,"","","","",Texas,,,,31.9685988,-99.9018131,2015-11-19 22:55:13.138018,2015-11-19 22:55:13.138018
403,Address,Date,Listing_ID,Listing_Title,Price,Bedrooms,Square_Ft,City,State,,,,,,2015-11-19 22:55:13.263294,2015-11-19 22:55:13.263294
404, ,Nov 5,5301838491,Luxury Apartment,775,2, ,Wooster,Ohio,,,,40.8050565,-81.935143,2015-11-19 22:55:13.394209,2015-11-19 22:55:13.394209
405, ,Nov 5,5258116041,Ranch style/ W-D hook ups/ Pet friendly,520,1,576,Massillon/Tuslaw,Ohio,,,,40.7764434,-81.6096724,2015-11-19 22:55:13.52295,2015-11-19 22:55:13.52295
406, ,Nov 5,5266321600,North Canton apartment-utilities paid!,505,1,460,North,Ohio,,,,40.3838118,-81.1085744,2015-11-19 22:55:13.67185,2015-11-19 22:55:13.67185
407, ,Nov 5,5301774560,"""2 Bedroom"," 1 Bath House for RENT on FULTON""",375,2, ,Canton,,,,23.12911,113.264385,2015-11-19 22:55:13.809328,2015-11-19 22:55:13.809328
408, ,Nov 5,5301769154,One bed Ap on Rachel St for RENT !One mo free rent,395,1, ,canton,Ohio,,,,40.7989473,-81.378447,2015-11-19 22:55:13.939083,2015-11-19 22:55:13.939083
409, ,Nov 5,5301758728,$100 OFF 1st MO RENT-2 bedapt for RENT on CONSTITUTION,475,2, ,Louisville,Ohio,,,,40.8372809,-81.2595519,2015-11-19 22:55:14.070439,2015-11-19 22:55:14.070439
410, ,Nov 5,5301761896,1 Bedroom For Rent on Rhodes ONLY $400/MONTH,400,1, ,West,Ohio,,,,40.752728,-81.0533854,2015-11-19 22:55:14.203988,2015-11-19 22:55:14.203988
411, ,Nov 5,5301760046,Very Large 1 Bedroom Apartment for RENT on FULTON,425,1, ,Canton,Ohio,,,,40.7989473,-81.378447,2015-11-19 22:55:14.350745,2015-11-19 22:55:14.350745
412, ,Nov 5,5301757525,2 BED Apt in Plain twp on RACHEL - one mo free rent,500,2, ,Canton,Ohio,,,,40.7989473,-81.378447,2015-11-19 22:55:14.481964,2015-11-19 22:55:14.481964
413,415 elgin nw,Nov 5,5299700341,2 bedroom home for rent no credit check,475,2, ,akroncanton,Ohio,,,,40.4172871,-82.907123,2015-11-19 22:55:14.6202,2015-11-19 22:55:14.6202
414,"""137 Lake St #2 Akron"," OH""",Nov 5,5297275964,2 Bedroom Duplex in Akron with Utilities Included,695,2, ,akroncanton,,,,,,2015-11-19 22:55:14.752585,2015-11-19 22:55:14.752585
415,"""725 Excelsior Ave Akron"," OH""",Nov 5,5297278652,4 Bedroom Home with Partially Finished Basement,745,4, ,akroncanton,,,,41.072728,-81.497459,2015-11-19 22:55:14.917202,2015-11-19 22:55:14.917202
416,"""923 Copley Rd Akron"," OH""",Nov 5,5297271860,2 Bedroom Duplex with Utilities Included,650,2, ,akroncanton,,,,41.083999,-81.555193,2015-11-19 22:55:15.049657,2015-11-19 22:55:15.049657
417, ,Nov 5,5301741984,Second-Floor 1BR/1BA Apartment with a Fireplace,847,1,771,Stow,Ohio,,,,41.1595005,-81.4403898,2015-11-19 22:55:15.191293,2015-11-19 22:55:15.191293
418,"""959 Lindsay Ave Akron"," OH""",Nov 5,5297168748,2 Bedroom Duplex Available in Akron,625,2, ,akroncanton,,,,41.042395,-81.492271,2015-11-19 22:55:15.319104,2015-11-19 22:55:15.319104
419,"""1012 Kling St Akron"," OH""",Nov 5,5297297500,4 Bedroom Home in Akron,815,4, ,akroncanton,,,,41.054283,-81.51239,2015-11-19 22:55:15.448059,2015-11-19 22:55:15.448059
420,"""437 Sherman St Akron"," OH""",Nov 5,5297300963,*SECURITY DEPOSIT SPECIAL!!! Beautiful 4 Bedroom Home*,795,4, ,akroncanton,,,,41.070931,-81.516137,2015-11-19 22:55:15.633437,2015-11-19 22:55:15.633437
421, ,Nov 5,5255456571,Great 3BR Close to Heritage Christian & Aultman Hospital,650,3, ,Canton,Ohio,,,,40.7989473,-81.378447,2015-11-19 22:55:15.763484,2015-11-19 22:55:15.763484
422, ,Nov 5,5301722182,"""Nice 2 Bedroom"," 1 Bath Duplex Unit - On Smith Ave NW""",550,2, ,Canton,,,,23.12911,113.264385,2015-11-19 22:55:15.898472,2015-11-19 22:55:15.898472
423,"""505 Vine St Akron"," OH""",Nov 5,5297136674,Large 1 Bedroom Apartment with WIFI,515,1, ,akroncanton,,,,41.0735161,-81.5050315,2015-11-19 22:55:16.023684,2015-11-19 22:55:16.023684
424,"""26 Christie St #3 Akron"," OH""",Nov 5,5297072806,1 Bedroom Apartment Coming Up in Akron,475,1, ,akroncanton,,,,,,2015-11-19 22:55:16.153013,2015-11-19 22:55:16.153013
425,"""478 Orchard St Akron"," OH""",Nov 5,5297009306,1 Bedroom Apartment with Wifi,515,1, ,akroncanton,,,,41.074291,-81.5050009,2015-11-19 22:55:16.28364,2015-11-19 22:55:16.28364
426,"""544 Elma St Unit C Akron"," OH""",Nov 5,5296991769,1 Bedroom Apartment Coming Up in North Hill Area,475,1, ,akroncanton,,,,41.1000367,-81.5100486,2015-11-19 22:55:16.410306,2015-11-19 22:55:16.410306
427,"""1751 S Main #1 Akron"," OH""",Nov 5,5296986595,1 Bedroom Apt w/ NEW CARPET and DEPOSIT SPECIAL!,425,1, ,akroncanton,,,,,,2015-11-19 22:55:16.535296,2015-11-19 22:55:16.535296
428,"""15 S Walnut St #2 Akron"," OH""",Nov 5,5296981354,Efficiency with Deposit Special,445,4,1405,akroncanton,,,,,,2015-11-19 22:55:16.659216,2015-11-19 22:55:16.659216
429,"""437 Sherman St. Akron"," OH""",Nov 5,5255452444,4 Bedroom Home NEW LOWER PRICE!!!,795,5, ,akroncanton,,,,41.070931,-81.516137,2015-11-19 22:55:16.838003,2015-11-19 22:55:16.838003
430,"""587 Schiller Ave Akron"," OH""",Nov 5,5297303917,5 Bedroom Home Coming Up in Akron,615,2, ,akroncanton,,,,41.101267,-81.513498,2015-11-19 22:55:16.967573,2015-11-19 22:55:16.967573
431,"""1730 Harvard Ave Nw Canton"," OH""",Nov 5,5297311735,2 Bedroom Duplex in Canton,595,2, ,akroncanton,,,,40.8174756,-81.3726394,2015-11-19 22:55:17.09369,2015-11-19 22:55:17.09369
432, ,Nov 5,5301696747,2 Bedroom for $570,570, , ,Akron,Ohio,,,,41.0814447,-81.5190053,2015-11-19 22:55:17.21906,2015-11-19 22:55:17.21906
433, ,Nov 5,5278089878,Affordable Studio Unit,375,1,600,Akron,Ohio,,,,41.0814447,-81.5190053,2015-11-19 22:55:17.35109,2015-11-19 22:55:17.35109
434, ,Nov 5,5301707868,Large Efficiency near U of A,395, , ,Akron,Ohio,,,,41.0814447,-81.5190053,2015-11-19 22:55:17.486471,2015-11-19 22:55:17.486471
435, ,Nov 5,5301700511,2bdr/1ba Apartment - Newly Updated Ready to Rent!!!,500,1,1300,West,Ohio,,,,40.752728,-81.0533854,2015-11-19 22:55:17.614231,2015-11-19 22:55:17.614231
436, ,Nov 5,5301690095,3bdr/1ba House - Newly Renovated - Ready to Rent!!!,700,1,1200,East,Ohio,,,,40.6946535,-80.9539475,2015-11-19 22:55:17.743433,2015-11-19 22:55:17.743433
437, ,Nov 5,5278090781,Affordable Studio Unit,375, , ,Akron,Ohio,,,,41.0814447,-81.5190053,2015-11-19 22:55:17.870996,2015-11-19 22:55:17.870996
438, ,Nov 5,5278486547,"""Thanksgiving Special nice spacious"," renovated 1 br Suite""",550,1, ,Akron,,,,41.0814447,-81.5190053,2015-11-19 22:55:18.008418,2015-11-19 22:55:18.008418
439, ,Nov 5,5278496219,Nice renovated 1 br suite with decorative fire place,550,3, ,Akron,Ohio,,,,41.0814447,-81.5190053,2015-11-19 22:55:18.145167,2015-11-19 22:55:18.145167
440, ,Nov 5,5275047039,Affordable Studio Unit,375,2, ,Akron,Ohio,,,,41.0814447,-81.5190053,2015-11-19 22:55:18.284698,2015-11-19 22:55:18.284698
441, ,Nov 5,5301632186,"""1 Bed"," Apt for RENT on BUCHTEL""",525,2, ,Akron,,,,41.0814447,-81.5190053,2015-11-19 22:55:18.428534,2015-11-19 22:55:18.428534
442,616 Grifton Avenue,Nov 5,5301621384,GOODYEAR HEIGHTS APT. FOR RENT,395,1, ,akroncanton,Ohio,,,,40.4172871,-82.907123,2015-11-19 22:55:18.568242,2015-11-19 22:55:18.568242
443, ,Nov 5,5301630298,"""Spacious 3 Bedroom"," 1 Bath HOUSE for RENT on GIBBS""",550,4,1120,Canton,,,,29.4241522,-98.44337,2015-11-19 22:55:18.734002,2015-11-19 22:55:18.734002
444, ,Nov 5,5301624848,Newley Renovated DUPLEX for RENT on HAZLETT,575,2, ,Canton,Ohio,,,,40.7989473,-81.378447,2015-11-19 22:55:18.861456,2015-11-19 22:55:18.861456
445, ,Nov 5,5262681492,ROOMMATE IN TWINSBURG,600,3,1466,Akron,Ohio,,,,41.0814447,-81.5190053,2015-11-19 22:55:18.999244,2015-11-19 22:55:18.999244
446, ,Nov 5,5301629763,$505 a Month 1 bdrm,505,1, ,Cuyahoga,Ohio,,,,41.433923,-81.67582,2015-11-19 22:55:19.125626,2015-11-19 22:55:19.125626
447, ,Nov 5,5301605906,Cuyahoga Falls House for Rent,725,4, ,Akron,Ohio,,,,41.0814447,-81.5190053,2015-11-19 22:55:19.259155,2015-11-19 22:55:19.259155
448, ,Nov 5,5301575378,FANTASTIC 2BR | 2BA $600 - NOW AVAILABLE,600,3, ,Canton,Ohio,,,,40.7989473,-81.378447,2015-11-19 22:55:19.392006,2015-11-19 22:55:19.392006
449, ,Nov 5,5301617840,Nice FULLY RENOVATED - 3 Bed House for Rent on MAPLE,600,3, ,Wooster,Ohio,,,,40.8050565,-81.935143,2015-11-19 22:55:19.538006,2015-11-19 22:55:19.538006
450, ,Nov 5,5301611646,"""1 Bedroom", 2nd floor," Quiet Location""",600,1, ,,,,33.0239032,39.5873451,2015-11-19 22:55:19.683962,2015-11-19 22:55:19.683962
451, ,Nov 5,5301586269,Two Bedroom NEW CARPET $250 OFF FIRST MONTHS RENT,709,2, ,Akron,Ohio,,,,41.0814447,-81.5190053,2015-11-19 22:55:19.820347,2015-11-19 22:55:19.820347
452, ,Nov 5,5301597576,"""Large 4 Bedroom"," 2 Bath Duplex for RENT on Adolph.""",700,2, ,Akron,,,,41.0814447,-81.5190053,2015-11-19 22:55:19.959951,2015-11-19 22:55:19.959951
453, ,Nov 5,5301612417,Charming 3 Bedroom HOUSE for RENT on S. MAPLE,650,3, ,Akron,Ohio,,,,41.0814447,-81.5190053,2015-11-19 22:55:20.093196,2015-11-19 22:55:20.093196
454, ,Nov 5,5301604308,3 Bedroom HOUSE for RENT on BELLEVUE,650,2, ,Cleveland-Massillon,Ohio,,,,40.7828417,-81.522297,2015-11-19 22:55:20.225447,2015-11-19 22:55:20.225447
455, ,Nov 5,5276408627,Kitchenette,190,2, ,Zahn,Ohio,,,,41.1234227,-81.5720191,2015-11-19 22:55:20.370327,2015-11-19 22:55:20.370327
456, ,Nov 5,5301614005,West Akron 2 Bedroom Apartment,495,1, ,Canton,Ohio,,,,40.7989473,-81.378447,2015-11-19 22:55:20.496957,2015-11-19 22:55:20.496957
457, ,Nov 5,5301618874,$100 off rent one mo in2 bed in JACKSON on CASPER,575,3, ,Akron,Ohio,,,,41.0814447,-81.5190053,2015-11-19 22:55:20.628507,2015-11-19 22:55:20.628507
458, ,Nov 5,5301616556,"""Cute 3 bedroom"," 1 bath HOUSE for RENT on INMAN""",600,2, ,Kent,,,,51.2787075,0.5217254,2015-11-19 22:55:20.756974,2015-11-19 22:55:20.756974
459, ,Nov 5,5301614584,Nice 2 Bedroom apt. Silver Meadows kent,650,2, ,Akron,Ohio,,,,41.0814447,-81.5190053,2015-11-19 22:55:20.893741,2015-11-19 22:55:20.893741
460, ,Nov 5,5301598759,"""Cute 2 bedroom"," 1 bath house for RENT on FORD""",675,1, ,Akron/Coventry,,,,41.0442821,-81.5049265,2015-11-19 22:55:21.025224,2015-11-19 22:55:21.025224
461, ,Nov 5,5277251964,==>*Phenomenal SPECIAL SAVINGS! Spacious & Efficient Use of Space!**,725,3, ,Massillon,Ohio,,,,40.7967244,-81.5215093,2015-11-19 22:55:21.154929,2015-11-19 22:55:21.154929
462, ,Nov 5,5301602426,"""Great 3 Bedroom"," 1 bath house for RENT on WOODLAND""",675,2, ,Akron,,,,41.0814447,-81.5190053,2015-11-19 22:55:21.291943,2015-11-19 22:55:21.291943
463, ,Nov 5,5301571185,Wake up to a Lake View,610,2, ,Jackson,Ohio,,,,39.0520169,-82.6365536,2015-11-19 22:55:21.41506,2015-11-19 22:55:21.41506
464, ,Nov 5,5301595054,"""Charming 2 bedroom"," 1 bath DUPLEX in JACKSON for RENT on PERRY""",775,3, ,canton,,,,23.12911,113.264385,2015-11-19 22:55:21.552331,2015-11-19 22:55:21.552331
465, ,Nov 5,5301593881,The Pride of Canton! Hurry get it before it's gone!,800,2, ,Kent,Ohio,,,,41.1536674,-81.3578859,2015-11-19 22:55:21.680022,2015-11-19 22:55:21.680022
466, ,Nov 5,5301589851,!HALF OF DEPOSIT! 3 Bed Kent Apt for RENT on Silvermeadows Blvd,850,3, ,Canton,Ohio,,,,40.7989473,-81.378447,2015-11-19 22:55:21.803981,2015-11-19 22:55:21.803981
467, ,Nov 5,5301570090,"""Cute 2 Bedroom"," Plain twp HOUSE for RENT on MIDVALE""",1400,2, ,North,,,,22.5009081,114.1558258,2015-11-19 22:55:21.942025,2015-11-19 22:55:21.942025
468, ,Nov 5,5301568143,"""2 Bed"," 2 Bath CONDO for RENTon WHITEWOOD in North Canton""",550,3,2500,Akron,,,,40.6703273,-111.820314,2015-11-19 22:55:22.110024,2015-11-19 22:55:22.110024
469,"""2462 Eastlawn Ave.", Akron," OH""",Nov 5,5301555667,** AKRON - SW -- Rhodes Ave 3 Bd $550.00 **,575,3,1638,,,,41.070733,-81.4357361,2015-11-19 22:55:22.286988,2015-11-19 22:55:22.286988
470, ,Nov 5,5290927055,------------ â—† brick duplex â—† ------------,1150,4,2400,North,Ohio,,,,40.3838118,-81.1085744,2015-11-19 22:55:22.420665,2015-11-19 22:55:22.420665
471, ,Nov 5,5301569189,"""Great 3 Bed"," 1 Bath HOUSE for RENT on LINDY""",825,2,925,Canton,,,,29.4242418,-98.4463891,2015-11-19 22:55:22.604834,2015-11-19 22:55:22.604834
472, ,Nov 5,5301573304,2 Bed DUPLEX in JACKSON for RENT on FULTON,1650,2,925,Uniontown,Ohio,,,,40.9750568,-81.4081673,2015-11-19 22:55:22.740131,2015-11-19 22:55:22.740131
473,"""6153 Island Dr NW"," Canton Ohio""",Nov 5,5301567186,"""Awesome 3 Bedroom"," 2 1/2 Bath HOUSE for RENT on SALEM""",1135,2, ,,,,48.3000637,-122.6796061,2015-11-19 22:55:22.884088,2015-11-19 22:55:22.884088
474, ,Nov 5,5301565534,Jackson Township 3 BR Duplex,1950,2,1050,Cuyahoga,Ohio,,,,41.433923,-81.67582,2015-11-19 22:55:23.01267,2015-11-19 22:55:23.01267
475,"""403 Aultman Ave. NW"," Canton OH""",Nov 5,5272248988,New Homes for Rent,525,4, ,akroncanton,,,,40.9230044,-81.4194954,2015-11-19 22:55:23.19621,2015-11-19 22:55:23.19621
476,"""403 Aultman Ave. NW"," Canton OH""",Nov 5,5301559914,Two bedroom apartment,525,2, ,akroncanton,,,,40.9230044,-81.4194954,2015-11-19 22:55:23.332619,2015-11-19 22:55:23.332619
477, ,Nov 5,5301550446,Two bedroom apartment,590,5, ,Akron,Ohio,,,,41.0814447,-81.5190053,2015-11-19 22:55:23.453587,2015-11-19 22:55:23.453587
478, ,Nov 5,5301548990,2BR Firestone Park Duplex,745,2, ,Merriman,Ohio,,,,41.1140101,-81.5407714,2015-11-19 22:55:23.597454,2015-11-19 22:55:23.597454
479, ,Nov 5,5301535624,"""Tennis Court", Dish Washer," Cable/satellite""",600,2, ,,,,18.4338406,-66.6133213,2015-11-19 22:55:23.753425,2015-11-19 22:55:23.753425
480, ,Nov 5,5287402538,3 or 4 BR $600/month 916 Highland Rd NE,600,2, ,Canton,Ohio,,,,40.7989473,-81.378447,2015-11-19 22:55:23.889665,2015-11-19 22:55:23.889665
481, ,Nov 5,5297567853,"""Nice 2/1 Rent to Own Ranch with Shed $2","000down/$600/mo""",350,3, ,Canton,,,,23.12911,113.264385,2015-11-19 22:55:24.027778,2015-11-19 22:55:24.027778
482, ,Nov 5,5296508761,WE ARE MOVERS!!!!!!!!!!!! 3 hours for $350,550,2, ,Canton,Ohio,,,,40.7989473,-81.378447,2015-11-19 22:55:24.165162,2015-11-19 22:55:24.165162
483, ,Nov 5,5255817670,New! Rent to Own Home w/Garage $2000down/$550mo.,550,3, ,Canton,Ohio,,,,40.7989473,-81.378447,2015-11-19 22:55:24.293862,2015-11-19 22:55:24.293862
484, ,Nov 5,5288632325,Move In!! Great 2/1.5 Rent to Own Ranch $3Kdown/$550mo.,375,2, ,Canton,Ohio,,,,40.7989473,-81.378447,2015-11-19 22:55:24.426275,2015-11-19 22:55:24.426275
485, ,Nov 5,5288633250,Nice 2/1 Apartment Convenient Location Close to Rt77,850,1, ,North,Ohio,,,,40.3838118,-81.1085744,2015-11-19 22:55:24.554101,2015-11-19 22:55:24.554101
486, ,Nov 5,5288635034,Great Location! Nice 3/1 Home with 2+ Car Garage in Greentown,850,3,1170,Uniontown,Ohio,,,,40.9750568,-81.4081673,2015-11-19 22:55:24.682687,2015-11-19 22:55:24.682687
487, ,Nov 5,5288639244,Super Nice 2/1 House for Rent $1000down/$850month,850,2, ,North,Ohio,,,,40.3838118,-81.1085744,2015-11-19 22:55:24.806899,2015-11-19 22:55:24.806899
488, ,Nov 5,5290347656,Great Location Large 3/1 Home with 2 Car Garage for Rent,550,1, ,Canton,Ohio,,,,40.7989473,-81.378447,2015-11-19 22:55:24.935811,2015-11-19 22:55:24.935811
489, ,Nov 5,5290345188,Rent to Own this 2/1 Home with Garage on Double Lot,550,2,1200,SPRINGFIELD,Ohio,,,,39.9242266,-83.8088171,2015-11-19 22:55:25.064069,2015-11-19 22:55:25.064069
490, ,Nov 5,5298025191,$550 / 1br - Appartment 550$ to 850$ Month ( City Stow),850,3,980,AKRON,Ohio,,,,41.0814447,-81.5190053,2015-11-19 22:55:25.192205,2015-11-19 22:55:25.192205
491,1216 Nordica,Nov 5,5276203015,3-BDR CAPE COD FOR RENT,575,2, ,akroncanton,Ohio,,,,40.4172871,-82.907123,2015-11-19 22:55:25.330054,2015-11-19 22:55:25.330054
492, ,Nov 5,5292361853,2-bedroom renovated twinplex for rent,550,2, ,Sandy,Ohio,,,,40.6152229,-81.3619402,2015-11-19 22:55:25.471959,2015-11-19 22:55:25.471959
493, ,Nov 5,5298091169,$550 / 1br - Appartment 550$ to 850$ Month ( City Stow),675,1,652,Canton/Jackson,Ohio,,,,40.8124793,-81.483627,2015-11-19 22:55:25.626775,2015-11-19 22:55:25.626775
494, ,Nov 5,5301525225,2 Bdrm 1bath Back Brick Duplex,599,2,1400,JACKSON,Ohio,,,,39.0520169,-82.6365536,2015-11-19 22:55:25.754362,2015-11-19 22:55:25.754362
495, ,Nov 5,5296706443,Lovley Energy Efficient home for Rent,615,2, ,Streetsboro,Ohio,,,,41.2392227,-81.3459405,2015-11-19 22:55:25.88641,2015-11-19 22:55:25.88641
496, ,Nov 5,5298105016,Receive $100 Off First Month's Rent! Apply & Secure an Apt Today!!,615,2, ,massillon,Ohio,,,,40.7967244,-81.5215093,2015-11-19 22:55:26.023015,2015-11-19 22:55:26.023015
497, ,Nov 5,5285868311,Great Location! Awesome Specials! $100 Off First Month's Rent!,740,2, ,Jackson,Ohio,,,,39.0520169,-82.6365536,2015-11-19 22:55:26.152907,2015-11-19 22:55:26.152907
498, ,Nov 5,5261141345,"""""""FALL"""" Over to a Great Special Today!!!!""",550,5, ,Canton/Jackson,Ohio,,,,40.8124793,-81.483627,2015-11-19 22:55:26.282428,2015-11-19 22:55:26.282428
499, ,Nov 5,5301510952,Perry Twp. LARGE 2br/1bath Townhouse,615,"","",Canton/Jackson,Ohio,,,,40.8124793,-81.483627,2015-11-19 22:55:26.416439,2015-11-19 22:55:26.416439
500, ,Nov 5,5259637265,$100 Off First Month's Rent and 13th Month FREE- Call For Details!,615,"","",East,Ohio,,,,40.6946535,-80.9539475,2015-11-19 22:55:26.580579,2015-11-19 22:55:26.580579
501,"",Nov 5,5298126678,$100 Off 1st Month's Rent - 13th Month Free! Ends Soon!,615,"","","",Ohio,,,,40.4172871,-82.907123,2015-11-19 22:55:26.712718,2015-11-19 22:55:26.712718
502,"",Nov 5,5291085069,Call Today! $100 Off First Month's Rent & 13th Month FREE!!,600,"","","",Ohio,,,,40.4172871,-82.907123,2015-11-19 22:55:26.847837,2015-11-19 22:55:26.847837
503,"",Nov 5,5301474169,** Firestone Prk -- Inman St Large 5 Bd $ 600 **,"","","","",Ohio,,,,40.4172871,-82.907123,2015-11-19 22:55:26.984635,2015-11-19 22:55:26.984635
504,Address,Date,Listing_ID,Listing_Title,Price,Bedrooms,Square_Ft,City,State,,,,,,2015-11-19 22:55:27.131504,2015-11-19 22:55:27.131504
505, ,Nov 5,5298227757,"""Hillside In Americus"," Ga. Has 1 Bedroom Availible! Special deal !!""",485,1,576,Americus,,,,40.7758723,-72.9615681,2015-11-19 22:55:27.303875,2015-11-19 22:55:27.303875
506, ,Nov 5,5288878500,Cat friendly.,1199,3,1418,Danielsville,Georgia,,,,34.1242771,-83.2212629,2015-11-19 22:55:27.433684,2015-11-19 22:55:27.433684
507, ,Nov 5,5257026961,"""2 Story"," 3 Bedroom House..save $$""",1149,3,1351,Long,,,,38.0352687,-78.4598753,2015-11-19 22:55:27.634378,2015-11-19 22:55:27.634378
508,522 10th,Nov 5,5295343159,1bedroom 1 bath duplex fore rent near Palmyra,300,1, ,albanyga,Georgia,,,,31.598499,-84.161053,2015-11-19 22:55:27.763028,2015-11-19 22:55:27.763028
509,522 10th Avenue,Nov 5,5301588699,1 bedroom 1bath in Albany Ga,300,1, ,albanyga,Georgia,,,,31.598499,-84.161053,2015-11-19 22:55:27.917025,2015-11-19 22:55:27.917025
510, ,Nov 5,5297061492,146 Dadford Drive,1400,5,2717,Lee,Georgia,,,,31.8128435,-84.1435136,2015-11-19 22:55:28.064285,2015-11-19 22:55:28.064285
511, ,Nov 5,5289127120,1027 Summit Drive,1250,3,2114,NW,Georgia,,,,32.1656221,-82.9000751,2015-11-19 22:55:28.21266,2015-11-19 22:55:28.21266
512, ,Nov 5,5290818006,1209-A Baker Ave,495,2,785,Albany,Georgia,,,,31.5785074,-84.155741,2015-11-19 22:55:28.349391,2015-11-19 22:55:28.349391
513, ,Nov 5,5275134976,705-F West Society,250,1,472,Albany,Georgia,,,,31.5785074,-84.155741,2015-11-19 22:55:28.469346,2015-11-19 22:55:28.469346
514, ,Nov 5,5287546943,111 Cherokee Ave,800,3,1000,Lee,Georgia,,,,31.8128435,-84.1435136,2015-11-19 22:55:28.594111,2015-11-19 22:55:28.594111
515, ,Nov 5,5260093146,2933 Stonewater Drive,950,3,1313,SW,Georgia,,,,32.1656221,-82.9000751,2015-11-19 22:55:28.732302,2015-11-19 22:55:28.732302
516, ,Nov 5,5277017328,502 Haley St.,525,3,1100,Albany,Georgia,,,,31.5785074,-84.155741,2015-11-19 22:55:28.855289,2015-11-19 22:55:28.855289
517, ,Nov 5,5290824973,1419 Gillespie Ave,400,2,735,Albany,Georgia,,,,31.5785074,-84.155741,2015-11-19 22:55:28.987854,2015-11-19 22:55:28.987854
518, ,Nov 5,5296554889,705-G Society Ave,250,1,472,Albany,Georgia,,,,31.5785074,-84.155741,2015-11-19 22:55:29.111845,2015-11-19 22:55:29.111845
519, ,Nov 5,5296538710,4807 Mustang Drive,575,3,1008,Putney,Georgia,,,,31.4701766,-84.117684,2015-11-19 22:55:29.236114,2015-11-19 22:55:29.236114
520, ,Nov 5,5296508522,2609 Lansing Drive,1400,3,2621,NW,Georgia,,,,32.1656221,-82.9000751,2015-11-19 22:55:29.371577,2015-11-19 22:55:29.371577
521, ,Nov 5,5276674746,618 E College Ave,500,4, ,Doerun,Georgia,,,,31.3196267,-83.9171221,2015-11-19 22:55:29.495521,2015-11-19 22:55:29.495521
522, ,Nov 5,5281286200,Spacious One Bed With In-Home Washer & Dryer!,400,1, ,Albany,Georgia,,,,31.5785074,-84.155741,2015-11-19 22:55:29.620256,2015-11-19 22:55:29.620256
523,"""120 Lonnie Lane Americus"," Ga.""",Nov 5,5298212761,"""2Bedroom 1Bath available for Lease in Americus"," Ga. @ Hillside Apts. !""",625,2,864,,,,32.0661447,-84.2087097,2015-11-19 22:55:29.74623,2015-11-19 22:55:29.74623
524, ,Nov 5,5301484435,Move in Special this week at Hillside in Americus!!,485,1,576,Americus,Georgia,,,,32.0723861,-84.2326876,2015-11-19 22:55:29.870327,2015-11-19 22:55:29.870327
525, ,Nov 5,5301382322,Beautiful brick home for rent December 1st,850,4,2400,Ashburn,Georgia,,,,31.7060134,-83.653224,2015-11-19 22:55:29.993507,2015-11-19 22:55:29.993507
526, ,Nov 5,5301341193,GET MOVED IN BEFORE THE HOLIDAYS!!!! MOVE IN SPECIAL!!,530,2, ,Albany,Georgia,,,,31.5785074,-84.155741,2015-11-19 22:55:30.116953,2015-11-19 22:55:30.116953
527, ,Nov 5,5295586807,Take Advantage of Our Low Rates! Reserve Your Apartment Home Today & Save!,397,1, ,Rent-To-Own,Georgia,,,,32.1656221,-82.9000751,2015-11-19 22:55:30.245111,2015-11-19 22:55:30.245111
528, ,Nov 5,5301267429,â˜² Hurry Up! Bright ONE BEDROOM one BATHROOM Home! Tons of Light! â˜²,520,2, ,Albany,Georgia,,,,31.5785074,-84.155741,2015-11-19 22:55:30.378367,2015-11-19 22:55:30.378367
529, ,Nov 5,5255029331,Ample Two Bed With In-Home Dryer & Washer!,750,3,1664,Albany,Georgia,,,,31.5785074,-84.155741,2015-11-19 22:55:30.560749,2015-11-19 22:55:30.560749
530, ,Nov 4,5281044511,Three BR & two-and-a-half bathroom - Will go quickly!,770, , ,Albany,Georgia,,,,31.5785074,-84.155741,2015-11-19 22:55:30.691547,2015-11-19 22:55:30.691547
531, ,Nov 4,5267691392,"""Outdoor Space"," Purchase Home of your Choice Single level""",825,3,1504,Andersonville,,,,32.2215909,-84.2307857,2015-11-19 22:55:30.836123,2015-11-19 22:55:30.836123
532, ,Nov 4,5300547589,3 Bedroom TWO Bathrooms W/many Upgrades,720, , ,Albany,Georgia,,,,31.5785074,-84.155741,2015-11-19 22:55:30.964978,2015-11-19 22:55:30.964978
533, ,Nov 4,5289820242,"""Fast Private Money Mortgage Loans", No Credit Remodeled Gorgeous," Built In Microw""",620, , ,,,,,,2015-11-19 22:55:31.093362,2015-11-19 22:55:31.093362
534, ,Nov 4,5267676145,"""Stainless Steel Appliances"," Purchase Home of your Choice Glam living""",435,2,856,Arlington,,,,39.3228522,-85.2143157,2015-11-19 22:55:31.30523,2015-11-19 22:55:31.30523
535, ,Nov 4,5260290433,Chickasaw Apartments,417,2,960,Camilla,Georgia,,,,31.2312933,-84.2104611,2015-11-19 22:55:31.448394,2015-11-19 22:55:31.448394
536, ,Nov 4,5260287446,Coolawahee Apartments,419,1,754,Colquitt,Georgia,,,,31.1712935,-84.7332527,2015-11-19 22:55:31.603319,2015-11-19 22:55:31.603319
537, ,Nov 4,5260278965,Spring Creek Villas,465,1, ,Albany,Georgia,,,,31.5785074,-84.155741,2015-11-19 22:55:31.728449,2015-11-19 22:55:31.728449
538, ,Nov 4,5260997259,Its Moving Day!! Come check out your New Home!!,650, , ,Albany,Georgia,,,,31.5785074,-84.155741,2015-11-19 22:55:31.877315,2015-11-19 22:55:31.877315
539, ,Nov 4,5289827284,"""Pre-Foreclosure- Home Must Be Sold Awesome"," Granite Countertops""",870, , ,Albany,,,,42.6525793,-73.7562317,2015-11-19 22:55:32.025444,2015-11-19 22:55:32.025444
540, ,Nov 4,5267645318,"""New Cabinets", Private Mortgage Loans, No Credit," BIG SAVINGS""",515,2,,,,,,2015-11-19 22:55:32.157549,2015-11-19 22:55:32.157549
541, ,Nov 4,5300488142,Broad Two w/ Open Kitch. Enormous Closets & More,475,1, ,Albany,Georgia,,,,31.5785074,-84.155741,2015-11-19 22:55:32.28687,2015-11-19 22:55:32.28687
542, ,Nov 4,5290679774,"""MOVE IN THIS WEEKEND"," $100 OFF MOVE IN""",870,4, ,Albany,,,,42.6525793,-73.7562317,2015-11-19 22:55:32.419642,2015-11-19 22:55:32.419642
543, ,Nov 4,5280182880,"""Albany 4/3 Beautiful house", 2400 sq ft," Fantastic View""",655, , ,,,,,,2015-11-19 22:55:32.558334,2015-11-19 22:55:32.558334
544,500 Pinson Road,Nov 4,5267721625,"""Pet Friendly", Fast Private Money Mortgage Loans," No Credit Really Large And Cozy""",515,3,1200,,,,32.7532301,-96.4709658,2015-11-19 22:55:32.718944,2015-11-19 22:55:32.718944
545, ,Nov 4,5300205139,So much beauty outside. So much comfort inside @ Pine Forest,485,1,576,Americus,Georgia,,,,32.0723861,-84.2326876,2015-11-19 22:55:32.865213,2015-11-19 22:55:32.865213
546, ,Nov 4,5300198486,1 Bedroom Available! Hillside in Americus !! Today!!,750,2, ,CORDELE,Georgia,,,,31.9635074,-83.7823938,2015-11-19 22:55:32.992703,2015-11-19 22:55:32.992703
547, ,Nov 4,5284640366,****HOUSE AT LAKE BLACKSHEAR ON WATER*****,645, , ,ALBANY,Georgia,,,,31.5785074,-84.155741,2015-11-19 22:55:33.11781,2015-11-19 22:55:33.11781
548, ,Nov 4,5267774326,"""3 Large Closets"," BANK OWNED!! NEED AN OFFER TODAY!!! Great""",345, , ,albany,,,,42.6525793,-73.7562317,2015-11-19 22:55:33.294551,2015-11-19 22:55:33.294551
549, ,Nov 4,5268030751,Best Service-Income Verify -Chk Stbs,615,1, ,Albany,Georgia,,,,31.5785074,-84.155741,2015-11-19 22:55:33.428774,2015-11-19 22:55:33.428774
550, ,Nov 4,5267706656,"""Freshly Painted Walls"," Own a newly renovated home of your own Very Spacious""",465,2, ,Albany,,,,42.6525793,-73.7562317,2015-11-19 22:55:33.573388,2015-11-19 22:55:33.573388
551,333 South Mock Road,Nov 4,5299884517,A Fabulous One Bdrm One Bath Apartment Home,410475,2,720,albanyga,Georgia,,,,31.5674846,-84.0963054,2015-11-19 22:55:33.70467,2015-11-19 22:55:33.70467
552, ,Nov 4,5268830325,"""Available 1","2 Bedrooms!""",590,3, ,Albany,,,,42.6525793,-73.7562317,2015-11-19 22:55:33.85857,2015-11-19 22:55:33.85857
553, ,Nov 4,5289636999,"""LARGE Two BEDROOM Two BATH", POOL," GARAGE. GREAT PRICE!""",400,3,1944,,,,34.5222138,135.6024683,2015-11-19 22:55:34.019204,2015-11-19 22:55:34.019204
554, ,Nov 4,5296475557,1402-B Harding,750,3, ,Albany,Georgia,,,,31.5785074,-84.155741,2015-11-19 22:55:34.149115,2015-11-19 22:55:34.149115
555, ,Nov 4,5299736383,Broad 1950 plus sq feet Threebdrm 2car attached garage,700,4, ,Albany,Georgia,,,,31.5785074,-84.155741,2015-11-19 22:55:34.275718,2015-11-19 22:55:34.275718
556, ,Nov 4,5299732117,The laundry room is large and has plenty of extra storage.,775,3, ,Albany,Georgia,,,,31.5785074,-84.155741,2015-11-19 22:55:34.415173,2015-11-19 22:55:34.415173
557, ,Nov 4,5279638724,Single-Family Home Three Bedrooms Two full Bathrooms,1400,3,1200,Ashburn,Georgia,,,,31.7060134,-83.653224,2015-11-19 22:55:34.556576,2015-11-19 22:55:34.556576
558, ,Nov 4,5299698526,GET MOVED IN BEFORE THE HOLIDAYS!!!! MOVE IN SPECIAL!!,600,1, ,Leesburg,Georgia,,,,31.7321156,-84.1707423,2015-11-19 22:55:34.696693,2015-11-19 22:55:34.696693
559,500 Pinson Road,Nov 4,5268573887,"""4br"," 3ba Lee Co""",515,1,700,albanyga,,,,31.5623995,-84.0720137,2015-11-19 22:55:34.863569,2015-11-19 22:55:34.863569
560, ,Nov 4,5290241839,Completely renovated 3 bdrm/1.5 bath home for rent,475,3, ,Albany,Georgia,,,,31.5785074,-84.155741,2015-11-19 22:55:35.016304,2015-11-19 22:55:35.016304
561, ,Nov 3,5299397977,Experience the beauty of Autumn at Pine Forest,420,2, ,northwest,Georgia,,,,32.1656221,-82.9000751,2015-11-19 22:55:35.158995,2015-11-19 22:55:35.158995
562, ,Nov 3,5299096749,$399.00 Move In Special At Quail Call Apts.!!,600,2, ,Albany,Georgia,,,,31.5785074,-84.155741,2015-11-19 22:55:35.290088,2015-11-19 22:55:35.290088
563, ,Nov 3,5298998017,Leaves aren't the only thing FALLING!,610,1, ,Albany,Georgia,,,,31.5785074,-84.155741,2015-11-19 22:55:35.430601,2015-11-19 22:55:35.430601
564, ,Nov 3,5294877681,3 bdrm/1.5 bath completely renovated home available,585,1,700,Albany,Georgia,,,,31.5785074,-84.155741,2015-11-19 22:55:35.555886,2015-11-19 22:55:35.555886
565, ,Nov 3,5278636256,Upscale! Premier Community! Limited Availability!,402,2,1000,Rent-To-Own,Georgia,,,,32.1656221,-82.9000751,2015-11-19 22:55:35.74433,2015-11-19 22:55:35.74433
566, ,Nov 3,5283381134,Come check us out! We know you'll love us!,420, , ,Pinnacle,Georgia,,,,33.850303,-84.361826,2015-11-19 22:55:35.916912,2015-11-19 22:55:35.916912
567, ,Nov 3,5298575021,â—ƒ Hurry! Spacious 1 BEDROOM one BATHROOM Home! Tons of Light! â—ƒ,515, , ,Northwest,Georgia,,,,32.1656221,-82.9000751,2015-11-19 22:55:36.046996,2015-11-19 22:55:36.046996
568, ,Nov 3,5298750600,We're thankful for renovations! Now come check us out!,645, , ,Albany,Georgia,,,,31.5785074,-84.155741,2015-11-19 22:55:36.180753,2015-11-19 22:55:36.180753
569, ,Nov 3,5298728736,"""When Minutes Matter"," Live Where You Work and Play""",740, , ,Albany,,,,42.6525793,-73.7562317,2015-11-19 22:55:36.341263,2015-11-19 22:55:36.341263
570, ,Nov 3,5289773056,"""Dont wat the Foreclosure? New Special"," Gas""",730,1, ,Oakfield,,,,46.1007097,-68.1589207,2015-11-19 22:55:36.484141,2015-11-19 22:55:36.484141
571, ,Nov 3,5289765848,"""Newly Updated & Remodeled Foreclosure Awesome"," Updated Cabinets""",790, , ,Albany,,,,42.6525793,-73.7562317,2015-11-19 22:55:36.620567,2015-11-19 22:55:36.620567
572, ,Nov 3,5289750570,"""New CONSTRUCTION Foreclosures Spectacular"," Outdoor Space""",445, , ,Albany,,,,42.6525793,-73.7562317,2015-11-19 22:55:36.766532,2015-11-19 22:55:36.766532
573, ,Nov 3,5289727957,"""Buy this renovated foreclosure Cozy"," Granite""",850, , ,Albany,,,,42.6525793,-73.7562317,2015-11-19 22:55:36.900358,2015-11-19 22:55:36.900358
574, ,Nov 3,5262433454,Must See The New Remodeled Apts!,705,3, ,Leesburg,Georgia,,,,31.7321156,-84.1707423,2015-11-19 22:55:37.0301,2015-11-19 22:55:37.0301
575, ,Nov 3,5289735536,"""STOP Foreclosure! Get Money Now! Huge Spacious"," High Ceilings""",615,1, ,Albany,,,,42.6525793,-73.7562317,2015-11-19 22:55:37.171828,2015-11-19 22:55:37.171828
576, ,Nov 3,5289720221,"""Had a Foreclosure or Short Sale? Ultimate escape"," Central Air""",625, , ,Albany,,,,42.6525793,-73.7562317,2015-11-19 22:55:37.305911,2015-11-19 22:55:37.305911
577, ,Nov 3,5267729202,"""Stainless Steel Appliances"," STOP Foreclosure! Get Money Now! Great Remodeled""",440, , ,Albany,,,,42.6525793,-73.7562317,2015-11-19 22:55:37.441666,2015-11-19 22:55:37.441666
578, ,Nov 3,5298392218,3 bedeomm 1.5 bath on 11th,860,1, ,Albany,Georgia,,,,31.5785074,-84.155741,2015-11-19 22:55:37.591951,2015-11-19 22:55:37.591951
579, ,Nov 3,5298237165,Searching for a One Bedroom? How about a One Bdrm using a Den!?,765,2, ,Leesburg,Georgia,,,,31.7321156,-84.1707423,2015-11-19 22:55:37.731521,2015-11-19 22:55:37.731521
580, ,Nov 3,5289712511,"""Purchase Home of your Choice All The Amenitites"," Gas Stove""",391,3, ,Rent-To-Own,,,,,,2015-11-19 22:55:37.870997,2015-11-19 22:55:37.870997
581, ,Nov 3,5267623607,"""Granite Countertops "," Mortage Payments Too much for you? Great Remodeled""",565,3, ,Albany,,,,42.6525793,-73.7562317,2015-11-19 22:55:38.075779,2015-11-19 22:55:38.075779
582, ,Nov 3,5298133180,â˜¡ Hurry! Sunny 1 BEDROOM 1 BATH House! Lots of Light! â˜¡,475,3, ,Ashburn,Georgia,,,,31.7060134,-83.653224,2015-11-19 22:55:38.209516,2015-11-19 22:55:38.209516
583, ,Nov 3,5287995924,MOVE IN SPECIALS!!! Charming Two BR/Two BA Apartment Home,475,1, ,Albany,Georgia,,,,31.5785074,-84.155741,2015-11-19 22:55:38.327258,2015-11-19 22:55:38.327258
584, ,Nov 3,5298081414,BRAND NEW APARTMENTS!! **MOVE IN SPECIAL!!**,475,3, ,Albany,Georgia,,,,31.5785074,-84.155741,2015-11-19 22:55:38.461681,2015-11-19 22:55:38.461681
585, ,Nov 3,5292653328,Hang your hat here!,410,3,1392,Albany,Georgia,,,,31.5785074,-84.155741,2015-11-19 22:55:38.596008,2015-11-19 22:55:38.596008
586, ,Nov 3,5292654460,Welcome Home!,800,3,1504,Rent-To-Own,Georgia,,,,32.1656221,-82.9000751,2015-11-19 22:55:38.716494,2015-11-19 22:55:38.716494
587, ,Nov 3,5292667466,More Bang for your Buck!,1174,4,2400,Albany,Georgia,,,,31.5785074,-84.155741,2015-11-19 22:55:38.84296,2015-11-19 22:55:38.84296
588, ,Nov 3,5298004484,â˜ž Hurry! Bright 1 BEDROOM one BATH House! Tons of Light! â˜ž,865,3,2170,Jasper,Georgia,,,,34.4695524,-84.4289888,2015-11-19 22:55:38.980052,2015-11-19 22:55:38.980052
589, ,Nov 3,5278014098,"""Luxurious home: open", luminous, calm, decks, patio," & more""",,,,,,2015-11-19 22:55:39.104633,2015-11-19 22:55:39.104633
590,1014 Rosedale Avenue,Nov 2,5278756475,"""LOVELY THREE BEDROOM", REMODELED,"""",750,4,1721,,,,39.9281783,-83.8274137,2015-11-19 22:55:39.276488,2015-11-19 22:55:39.276488
591, ,Nov 2,5297557220,Open Three/bed Two Bathroom House,475,3, ,Albany,Georgia,,,,31.5785074,-84.155741,2015-11-19 22:55:39.402704,2015-11-19 22:55:39.402704
592, ,Nov 2,5297546808,Beautiful brick home for rent December 1st,500,2, ,Albany,Georgia,,,,31.5785074,-84.155741,2015-11-19 22:55:39.530732,2015-11-19 22:55:39.530732
593, ,Nov 2,5297255905,Act fast - three br and 2 bath,740,3,1417,Albany,Georgia,,,,31.5785074,-84.155741,2015-11-19 22:55:39.654831,2015-11-19 22:55:39.654831
594, ,Nov 2,5297392743,Rain Is Falling And So Are Prices At Quail Call!!!,530,1, ,Albany,Georgia,,,,31.5785074,-84.155741,2015-11-19 22:55:39.788475,2015-11-19 22:55:39.788475
595, ,Nov 2,5296510329,Breakfast nook Granite Intercom & Sitting room - Striking!,550,1, ,Albany,Georgia,,,,31.5785074,-84.155741,2015-11-19 22:55:39.918588,2015-11-19 22:55:39.918588
596, ,Nov 2,5250997920,Three/Two & 2 Car Garage located in Albany,485,1, ,Newton,Georgia,,,,31.3129575,-84.3357424,2015-11-19 22:55:40.046543,2015-11-19 22:55:40.046543
597, ,Nov 2,5265974556,Two Bdrm Two Bathroom! Hurry in this Apartment will not last!,475,3,1655,Albany,Georgia,,,,31.5785074,-84.155741,2015-11-19 22:55:40.179413,2015-11-19 22:55:40.179413
598, ,Nov 2,5296264504,Lovely three bedroom / two bath,425,1, ,Albany,Georgia,,,,31.5785074,-84.155741,2015-11-19 22:55:40.31321,2015-11-19 22:55:40.31321
599, ,Nov 2,5251617056,Extraordinary Unit Set In Lush Gardens! Heated Pool!,743,3,1800,Albany,Georgia,,,,31.5785074,-84.155741,2015-11-19 22:55:40.445825,2015-11-19 22:55:40.445825
600, ,Nov 1,5295703732,$399 Move You In !!!,410,"","",Albany,Georgia,,,,31.5785074,-84.155741,2015-11-19 22:55:40.623519,2015-11-19 22:55:40.623519
601, ,Nov 1,5285694446,"""Large Family Room"," Washer/Dryer and Den Space""",875,"","",Albany,,,,42.6525793,-73.7562317,2015-11-19 22:55:40.764581,2015-11-19 22:55:40.764581
602, ,Nov 1,5295408401,Three Bedroom Home With Driveway and Large Porch in Albany,"","","",Sasser,Georgia,,,,31.7206503,-84.3463045,2015-11-19 22:55:40.897296,2015-11-19 22:55:40.897296
302,Address,Date,Listing_ID,Listing_Title,Price,Bedrooms,Square_Ft,City,State,,,,,,2015-11-19 22:54:56.521555,2015-11-19 22:54:56.521555
303, ,Nov 5,5277057661,236 Sayles #2,480,1,660,Abilene,Texas,,,,32.4487364,-99.7331439,2015-11-19 22:54:56.661599,2015-11-19 22:54:56.661599
304, ,Nov 5,5288028241,1409 Lillius $550rent/ $250 deposit,550,3,1508,Abilene,Texas,,,,32.4487364,-99.7331439,2015-11-19 22:54:56.801057,2015-11-19 22:54:56.801057
305, ,Nov 5,5301828581,It's a great day to lease from Pebble Creek,570,3,1214,Pebble,Texas,,,,36.0383532,-102.0033241,2015-11-19 22:54:56.935285,2015-11-19 22:54:56.935285
306, ,Nov 5,5301808949,Leaves are Falling...And So Are The Prices on Your 3 Bedroom Home!,979,3,1008,Royale,Texas,,,,33.4605422,-94.0851063,2015-11-19 22:54:57.099051,2015-11-19 22:54:57.099051
307, ,Nov 5,5301765842,3 Bedroom READY NOW!!,999,1,751,The,Texas,,,,31.9685988,-99.9018131,2015-11-19 22:54:57.245983,2015-11-19 22:54:57.245983
308, ,Nov 5,5301726688,Sadosa Ridge 3 Bed 2 Bath Family Community,839,1,468,Eastland,Texas,,,,32.4015198,-98.8175623,2015-11-19 22:54:57.393905,2015-11-19 22:54:57.393905
309, ,Nov 5,5301546875,"""We can't """"bear"""" to have you live anywhere else!""",510,1,644,Residence,Texas,,,,29.7219472,-96.5503014,2015-11-19 22:54:57.568135,2015-11-19 22:54:57.568135
310, ,Nov 5,5301718657,"""UPGRADED- 1 BD/1 BA- new appliances", carpet, tile, fixtures," counters!""",580,,,,51.7963808,-0.6736229,2015-11-19 22:54:57.719658,2015-11-19 22:54:57.719658
311, ,Nov 5,5301616510,1 bedroom w/den- can be used as a 2nd bedroom- $150 off move in!,607,3,1102,Country,Texas,,,,29.559256,-98.4780731,2015-11-19 22:54:57.867284,2015-11-19 22:54:57.867284
312, ,Nov 5,5301595712,"""Unique Comforts", Pets Welcome," Swimming Pool""",889,2,880,,,,35.901765,139.6040865,2015-11-19 22:54:58.070001,2015-11-19 22:54:58.070001
313, ,Nov 5,5301586812,"""Stylish Features", Swimming Pool," Live Near the Mall of Abilene""",850,3,1338,,,,30.2520543,-90.8878141,2015-11-19 22:54:58.224794,2015-11-19 22:54:58.224794
314, ,Nov 5,5276900137,2 Bedroom 1 Bath for Rent on Josephine Street,1000,1,2177,Sweetwater,Texas,,,,32.4709519,-100.4059384,2015-11-19 22:54:58.35529,2015-11-19 22:54:58.35529
315, ,Nov 5,5255257697,3 Bed 1 Bath House for Rent with all Appliances,600,4,1400,Sweetwater,Texas,,,,32.4709519,-100.4059384,2015-11-19 22:54:58.486656,2015-11-19 22:54:58.486656
316, ,Nov 5,5276476359,Beautiful 4 bedroom Apartment Bad Credit We Can Fix it,1600,3,900,abilene,Texas,,,,32.4487364,-99.7331439,2015-11-19 22:54:58.611911,2015-11-19 22:54:58.611911
317,342 N. West Street,Nov 5,5297077205,4 Bedroom Home In Buffalo Gap For Rent,900,1,618,abilene,Texas,,,,32.4740375,-100.0182905,2015-11-19 22:54:58.740977,2015-11-19 22:54:58.740977
318, ,Nov 5,5267661458,3 Bedroom Home With Fenced Yard,540,2,900,Sweetwater,Texas,,,,32.4709519,-100.4059384,2015-11-19 22:54:58.869995,2015-11-19 22:54:58.869995
319,1315 Musken Road,Nov 5,5292317780,Senior and Disabled Apts $99 move in Sunscape (HUD accepted),605,2,1500,abilene,Texas,,,,32.4540245,-99.7059815,2015-11-19 22:54:59.004651,2015-11-19 22:54:59.004651
320,1315 Musken Road,Nov 5,5292323069,Senior and Disabled Housing $99 Move in Sunscape (HUD accepted),800,2,932,abilene,Texas,,,,32.4540245,-99.7059815,2015-11-19 22:54:59.148931,2015-11-19 22:54:59.148931
321,600 Westwood Drive,Nov 5,5292338350,ALL BILLS PAID! FREE MONTH 2 BEDROOM 2 BATH,690,4, ,abilene,Texas,,,,32.454728,-99.76885,2015-11-19 22:54:59.276688,2015-11-19 22:54:59.276688
322, ,Nov 5,5301471227,Move In for ONLY $99 For All Of November!! 2 Bedroom 1 Bath,850,1, ,Bent,Texas,,,,20.4113947,-99.9717145,2015-11-19 22:54:59.453285,2015-11-19 22:54:59.453285
323, ,Nov 5,5293397551,ACU HILL 4/2,550,3, ,Abilene,Texas,,,,32.4487364,-99.7331439,2015-11-19 22:54:59.586152,2015-11-19 22:54:59.586152
324, ,Nov 5,5272121062,1 BEDROOM/1 BATH TRIPLEX,850,2,912,Abilene,Texas,,,,32.4487364,-99.7331439,2015-11-19 22:54:59.714707,2015-11-19 22:54:59.714707
325, ,Nov 5,5294659013,SOUTHSIDE 3/1.5 WITH BONUS ROOM,736,1,834,Abilene,Texas,,,,32.4487364,-99.7331439,2015-11-19 22:54:59.846631,2015-11-19 22:54:59.846631
326, ,Nov 5,5301459932,"""Leasing Now", Washer Dryer Hook Ups," Pet Friendly""",850,3, ,,,,18.4566997,-69.1950381,2015-11-19 22:55:00.005311,2015-11-19 22:55:00.005311
327, ,Nov 5,5301434799,MOVE IN to your 1 bedroom today!!,700,1,791,The,Texas,,,,31.9685988,-99.9018131,2015-11-19 22:55:00.133783,2015-11-19 22:55:00.133783
328, ,Nov 5,5301409435,5109 N. 9th,699,1, ,Royale,Texas,,,,33.4605422,-94.0851063,2015-11-19 22:55:00.304482,2015-11-19 22:55:00.304482
329, ,Nov 5,5301399434,We Offer Wonderful Treats At Royale...$99 Move In Special!,695,1, ,Abilene,Texas,,,,32.4487364,-99.7331439,2015-11-19 22:55:00.443439,2015-11-19 22:55:00.443439
330, ,Nov 5,5301422026,Pick us at Copper Creek Apartments! $300 off MOVE IN,455,3,1897,Eastland,Texas,,,,32.4015198,-98.8175623,2015-11-19 22:55:00.567276,2015-11-19 22:55:00.567276
331, ,Nov 5,5301304904,"""$455 / br - Amazing 825 sq ft Apt", Open NOW," HEAT INCLUDED!!""",825,4, ,,,,10.5105495,99.1208917,2015-11-19 22:55:00.711071,2015-11-19 22:55:00.711071
332, ,Nov 5,5301189230,3 bedroom in Tuscola,1040,3,2100,Abilene,Texas,,,,32.4487364,-99.7331439,2015-11-19 22:55:00.827375,2015-11-19 22:55:00.827375
333, ,Nov 4,5300946388,This High End Place Is Affordable With Modern Renovations! $1040,885,3,1231,Abilene,Texas,,,,32.4487364,-99.7331439,2015-11-19 22:55:00.954703,2015-11-19 22:55:00.954703
334, ,Nov 4,5291680020,Three BR / Two Bth 2100 SqFt Home In Abilene,75,1,791,ðŸ’²+$100,Texas,,,,31.9685988,-99.9018131,2015-11-19 22:55:01.080153,2015-11-19 22:55:01.080153
335, ,Nov 4,5273284299,ðŸ˜ˆNO CREDIT CHECK/ NO DEPOSIT ELECTRICITY in 2HRS OR LESS!!ðŸ˜±,950,3,1231,Residence,Texas,,,,29.7219472,-96.5503014,2015-11-19 22:55:01.222654,2015-11-19 22:55:01.222654
336, ,Nov 4,5300761412,We'd be lucky to have you here!,699,1,775,Royale,Texas,,,,33.4605422,-94.0851063,2015-11-19 22:55:01.386554,2015-11-19 22:55:01.386554
337, ,Nov 4,5300797681,You Can Have It All $99 Move In Special,999,2,759,Lexington,Texas,,,,30.4190974,-97.0116515,2015-11-19 22:55:01.522039,2015-11-19 22:55:01.522039
338, ,Nov 4,5300704667,Move in today!!,625,2,900,Bent,Texas,,,,20.4113947,-99.9717145,2015-11-19 22:55:01.699137,2015-11-19 22:55:01.699137
339, ,Nov 4,5300737593,1 Bedroom 1 Bath available soon! $300 off November rent when you lease,700,2,1001,THE,Texas,,,,31.9685988,-99.9018131,2015-11-19 22:55:01.823807,2015-11-19 22:55:01.823807
340, ,Nov 4,5300754656,THREE...TWO BEDROOM FLOOR PLANS TO CHOOSE FROM..ALL FREE FOR NOVEMBER!,800,3,1008,Pebble,Texas,,,,36.0383532,-102.0033241,2015-11-19 22:55:01.956758,2015-11-19 22:55:01.956758
341, ,Nov 4,5300737013,Move in to a brand new apartment today!,870,3,1120,Abilene,Texas,,,,32.4487364,-99.7331439,2015-11-19 22:55:02.07664,2015-11-19 22:55:02.07664
342, ,Nov 4,5300732350,CEDAR CREEK has 3 bedroom apartments!!,755,1, ,Abilene,Texas,,,,32.4487364,-99.7331439,2015-11-19 22:55:02.202633,2015-11-19 22:55:02.202633
343, ,Nov 4,5300726788,Reduced price on 1 two bedroom at CEDAR CREEK!,784,1,431,Abilene,Texas,,,,32.4487364,-99.7331439,2015-11-19 22:55:02.339705,2015-11-19 22:55:02.339705
344, ,Nov 4,5300720842,"""Professionally Managed", Tennis, Basketball," Pets Welcome""",640, ,,,,49.2250185,16.5792683,2015-11-19 22:55:02.497946,2015-11-19 22:55:02.497946
345, ,Nov 4,5300717212,Only ONE one bedroom left at CEDAR CREEK! Large floor plan!,700,1,644,Eastland,Texas,,,,32.4015198,-98.8175623,2015-11-19 22:55:02.626318,2015-11-19 22:55:02.626318
346,"""3 Oaks M/H", Clyde," TX""",Nov 4,5300695252,Make Sadosa Ridge Your New Home-3 Bed 2 Bath,495,1,468,,,,35.0980896,-120.5819091,2015-11-19 22:55:02.802236,2015-11-19 22:55:02.802236
347, ,Nov 4,5300677378,Nice Mobile Home For Rent,435,2, ,Country,Texas,,,,29.559256,-98.4780731,2015-11-19 22:55:02.933129,2015-11-19 22:55:02.933129
348, ,Nov 4,5300648714,Room for Rent @ The Grove,435,1,891,Country,Texas,,,,29.559256,-98.4780731,2015-11-19 22:55:03.061397,2015-11-19 22:55:03.061397
349, ,Nov 4,5289670367,1 BEDROOMS AVAILABLE FOR 11/13 MOVE IN- GET $150 OFF MOVE IN!,615,3,1231,The,Texas,,,,31.9685988,-99.9018131,2015-11-19 22:55:03.195639,2015-11-19 22:55:03.195639
350, ,Nov 4,5297207098,"""CUTE", CLEAN," QUIET STUDIO- NEW COUNTERS AND PRIVATE PATIO! READY 11/13""",1165,3,1214,,,,35.092905,136.98596,2015-11-19 22:55:03.407385,2015-11-19 22:55:03.407385
351, ,Nov 4,5300623639,1 Bedroom With A Study,999,3,1200,Brownwood,Texas,,,,31.7093197,-98.9911611,2015-11-19 22:55:03.575785,2015-11-19 22:55:03.575785
352, ,Nov 4,5300614219,Move In This Week,999,1, ,Allen,Texas,,,,33.1031744,-96.6705503,2015-11-19 22:55:03.699884,2015-11-19 22:55:03.699884
353, ,Nov 4,5300613929,2 Bedroom 1 or 2 Baths,750,2,991,Lexington,Texas,,,,30.4190974,-97.0116515,2015-11-19 22:55:03.826234,2015-11-19 22:55:03.826234
354, ,Nov 4,5288071815,Conference/Meeting room - Billiards available - Business Center,695,1,539,The,Texas,,,,31.9685988,-99.9018131,2015-11-19 22:55:03.962876,2015-11-19 22:55:03.962876
355, ,Nov 4,5300498582,Call this beautiful 3 bedroom apartment your new home!,900,3, ,COLORADO,Texas,,,,29.98556,-97.1338899,2015-11-19 22:55:04.098746,2015-11-19 22:55:04.098746
356, ,Nov 4,5300563008,Bippity Boppity Boo! Our Homes are PERFECT for YOU!!,530,2,3527,Abilene,Texas,,,,32.4487364,-99.7331439,2015-11-19 22:55:04.232046,2015-11-19 22:55:04.232046
357, ,Nov 4,5300540966,THREE BEDROOM 2 BATH HOME,840,2,936,Residence,Texas,,,,29.7219472,-96.5503014,2015-11-19 22:55:04.398358,2015-11-19 22:55:04.398358
358, ,Nov 4,5300523441,Move it move it to Copper Creek Apartments!,750,4,3326,Indian,Texas,,,,30.0427387,-97.0977268,2015-11-19 22:55:04.539443,2015-11-19 22:55:04.539443
359, ,Nov 4,5300323334,We could hardly wait for you to hop in!,695,2,1096,Abilene,Texas,,,,32.4487364,-99.7331439,2015-11-19 22:55:04.67332,2015-11-19 22:55:04.67332
360, ,Nov 4,5300462450,1 br 1 Bath - Furnished,750,1,627,abilene,Texas,,,,32.4487364,-99.7331439,2015-11-19 22:55:04.842568,2015-11-19 22:55:04.842568
361, ,Nov 4,5300266696,BEAUTFUL HUGE SINGLE FAMILY HOME IN Abilene,750,3,1431,Country,Texas,,,,29.559256,-98.4780731,2015-11-19 22:55:05.108835,2015-11-19 22:55:05.108835
362, ,Nov 4,5288996069,Beautiful 4 bed Condo Tarnished Credit We Will Repair It,499,1,701,abilene,Texas,,,,32.4487364,-99.7331439,2015-11-19 22:55:05.519033,2015-11-19 22:55:05.519033
363, ,Nov 4,5275522683,2 BEDROOM BLOWOUT- $99 NOVEMBER RENT AND FULL SIZE LAUNDRY ROOM!,1070,1,700,Royale,Texas,,,,33.4605422,-94.0851063,2015-11-19 22:55:05.998199,2015-11-19 22:55:05.998199
364, ,Nov 4,5275376302,Great New 4 bedroom Apartment Bad Credit We Will Repair It,1005,2,1020,Achille,Texas,,,,33.8334343,-96.3872105,2015-11-19 22:55:06.4036,2015-11-19 22:55:06.4036
365, ,Nov 4,5300381890,You Can Have It All At Royale Orleans!,1000,3,1008,Allen,Texas,,,,33.1031744,-96.6705503,2015-11-19 22:55:06.88828,2015-11-19 22:55:06.88828
366, ,Nov 4,5300397761,HOLIDAY SPECIALS !!! FREE MONTH !!!,770,1,500,Allen,Texas,,,,33.1031744,-96.6705503,2015-11-19 22:55:07.364415,2015-11-19 22:55:07.364415
367, ,Nov 4,5286676184,Spacious 4 bedroom Two bath home for rent.,300,2,750,Mill,Texas,,,,32.5335335,-94.9404238,2015-11-19 22:55:07.853258,2015-11-19 22:55:07.853258
368, ,Nov 4,5287949872,Covered Parking - Remote 1-car garage - Accepts Electronic Payments,350,3,1214,Eastland,Texas,,,,32.4015198,-98.8175623,2015-11-19 22:55:08.277245,2015-11-19 22:55:08.277245
369, ,Nov 4,5296943513,Covered Parking - Remote 1-car garage - Billiards available,999,2,900,comanche,Texas,,,,31.8973693,-98.6036581,2015-11-19 22:55:08.405025,2015-11-19 22:55:08.405025
370, ,Nov 4,5300241653,$499 MOVE IN SPECIAL- IMMEDIATE,590,2,932,Comanche,Texas,,,,31.8973693,-98.6036581,2015-11-19 22:55:08.545455,2015-11-19 22:55:08.545455
371, ,Nov 4,5300239983,Sadosa Ridge 3 Bed 2 Bath Family Community,690,2,840,The,Texas,,,,31.9685988,-99.9018131,2015-11-19 22:55:08.684235,2015-11-19 22:55:08.684235
372, ,Nov 4,5300235504,studio apt,575,2,856,Pebble,Texas,,,,36.0383532,-102.0033241,2015-11-19 22:55:08.846724,2015-11-19 22:55:08.846724
373, ,Nov 4,5276809016,A-Frame for rent,685,2,869,Bent,Texas,,,,20.4113947,-99.9717145,2015-11-19 22:55:09.018433,2015-11-19 22:55:09.018433
374,1457 Fannin,Nov 4,5300207848,Move in TODAY!! $300 OFF!!,675,1,468,abilene,Texas,,,,32.4665139,-99.756484,2015-11-19 22:55:09.142739,2015-11-19 22:55:09.142739
375, ,Nov 4,5300205339,Enjoy your beautiful apartment home today.,515,1,751,STONEGATE,Texas,,,,29.9397948,-95.6715255,2015-11-19 22:55:09.274778,2015-11-19 22:55:09.274778
376, ,Nov 4,5300151039,$99 Move in Special For This Week ONLY!,800,1,867,Country,Texas,,,,29.559256,-98.4780731,2015-11-19 22:55:09.409867,2015-11-19 22:55:09.409867
377, ,Nov 4,5300153633,2 Bedroom / 1 Bath House- Ready 12/4/15,740,1, ,Country,Texas,,,,29.559256,-98.4780731,2015-11-19 22:55:09.532539,2015-11-19 22:55:09.532539
378, ,Nov 4,5288283006,$300.00 off your november rent!!!!,695,1,707,Residence,Texas,,,,29.7219472,-96.5503014,2015-11-19 22:55:09.679043,2015-11-19 22:55:09.679043
379, ,Nov 4,5289680257,2 Bed/2 Baths ready today! $99.00 rent special!,609,3,2200,Abilene,Texas,,,,32.4487364,-99.7331439,2015-11-19 22:55:09.809426,2015-11-19 22:55:09.809426
380, ,Nov 4,5289658849,"""CUTE", CLEAN," QUIET 1 BEDROOM- READY ON 11/6! Actual pics attached""",1350,2, ,,,,18.4338406,-66.6133213,2015-11-19 22:55:09.961777,2015-11-19 22:55:09.961777
381, ,Nov 4,5299916401,We love you to pieces!,535,1,727,Abilene,Texas,,,,32.4487364,-99.7331439,2015-11-19 22:55:10.102356,2015-11-19 22:55:10.102356
382,2132 Crescent,Nov 4,5299986142,"""Visit Your New Home", Washer Dryer Connections," Resident Business Ctr""",425,2,1000,,,,41.0038176,-98.6154555,2015-11-19 22:55:10.29959,2015-11-19 22:55:10.29959
383,"""610 S Madera street"," eastland tx""",Nov 4,5299970369,Apartment/Townhouse available for immediate move in!!,685,2,1090,abilene,,,,32.3448368,-99.6785476,2015-11-19 22:55:10.430184,2015-11-19 22:55:10.430184
384,472 Merchant,Nov 4,5299977664,"""Schedule a Tour", Pet Friendly," Next to Mall of Abilene""",730,3,1500,,,,27.351053,-82.5369456,2015-11-19 22:55:10.601238,2015-11-19 22:55:10.601238
385, ,Nov 4,5277438149,Southside Home that is Great for a Family,750,2,932,Pebble,Texas,,,,36.0383532,-102.0033241,2015-11-19 22:55:10.782934,2015-11-19 22:55:10.782934
386, ,Nov 4,5299916688,freshly painted large apartment for rent in eastland!,760,2,1050,STONEGATE,Texas,,,,29.9397948,-95.6715255,2015-11-19 22:55:10.914823,2015-11-19 22:55:10.914823
387, ,Nov 4,5292527535,Close to Schools & Downtown,712,1,834,South,Texas,,,,31.9685988,-99.9018131,2015-11-19 22:55:11.041457,2015-11-19 22:55:11.041457
388, ,Nov 4,5299922953,Going Quickly! Don't Miss Our Move In Specials!,450, , ,Bent,Texas,,,,20.4113947,-99.9717145,2015-11-19 22:55:11.217267,2015-11-19 22:55:11.217267
389, ,Nov 4,5292335117,"""""""FALLING"""" PRICES HERE AT STONEGATE""",890,1,618,San,Texas,,,,-15.4833383,-70.1394891,2015-11-19 22:55:11.370722,2015-11-19 22:55:11.370722
390, ,Nov 4,5292388008,"""Lots of Space"," but affordable - 3 bed 2.5 bath""",495,2,900,buffalo,,,,42.8276763,-78.7817547,2015-11-19 22:55:11.508964,2015-11-19 22:55:11.508964
391, ,Nov 4,5299861789,Updated 2 Bedroom 1 Bath! $400 Off November Rent!,540,2,1500,The,Texas,,,,31.9685988,-99.9018131,2015-11-19 22:55:11.660078,2015-11-19 22:55:11.660078
392,1315 Musken Road,Nov 4,5266472556,"""Apartments available"," going fast!!!!""",605,1,660,abilene,,,,32.4540245,-99.7059815,2015-11-19 22:55:11.789049,2015-11-19 22:55:11.789049
393,1315 Musken Road,Nov 4,5299807595,applehill apt,800,1,791,abilene,Texas,,,,32.4540245,-99.7059815,2015-11-19 22:55:11.914989,2015-11-19 22:55:11.914989
394,600 Westwood Drive,Nov 4,5299853662,MOVE IN TODAY $99.00 Move In,980,1, ,abilene,Texas,,,,32.454728,-99.76885,2015-11-19 22:55:12.044551,2015-11-19 22:55:12.044551
395, ,Nov 4,5257084351,Get the Lowest Prices @ the Grove!,699,3, ,Allen,Texas,,,,33.1031744,-96.6705503,2015-11-19 22:55:12.17085,2015-11-19 22:55:12.17085
396, ,Nov 4,5289213392,Senior or Disabled Apts $99 move in (HUD accepted),540,"","",Royale,Texas,,,,33.4605422,-94.0851063,2015-11-19 22:55:12.334321,2015-11-19 22:55:12.334321
397, ,Nov 4,5289223494,Senior or Disabled Housing $99 (HUD Accepted),750,"","",Abilene,Texas,,,,32.4487364,-99.7331439,2015-11-19 22:55:12.468131,2015-11-19 22:55:12.468131
398,"",Nov 4,5289232066,ALL BILLS PAID!! Free month. 2 bedroom 2 bath. Hardwood Floors,"","","","",Texas,,,,31.9685988,-99.9018131,2015-11-19 22:55:12.590654,2015-11-19 22:55:12.590654
